id_releve,x_l93,y_l93,alti,slope,expo,TPI
8659247,948820,6456814,2723.889893,9.694962502,46.77770615,-0.010009766
8659248,948861,6457060,2688.189941,12.53477287,54.61226273,-0.003662109
8659249,948830,6457092,2690.73999,12.71264935,60.44912338,0.024902344
8659250,948788,6457179,2687.72998,13.24110317,57.40684891,0.009765625
8659251,948650,6457341,2690.409912,12.4752636,42.16437912,0.046142578
8659252,948727,6457366,2673.01001,12.86263943,49.35103607,-0.026123047
8659253,948720,6457543,2675.070068,8.684699059,194.7009125,-0.052490234
8659255,948660,6457663,2683.659912,9.475082397,129.6494293,-0.100097656
8659256,948860,6457716,2692.189941,3.213508844,216.3167877,0.012695313
8659257,948938,6457597,2699.659912,15.92869091,123.8586273,0.252441406
8659258,948912,6457440,2673.290039,12.74008846,110.5200195,0.238769531
8659263,949263,6458043,2664.860107,2.56646347,234.5439453,0.057617188
8659268,949044,6457056,2678.600098,0.736568928,262.2238159,-0.039794922
8659271,948986,6456932,2685.120117,5.486971855,92.08283234,0.023925781
8659274,949118,6456970,2681.139893,4.520908833,208.1060486,0.001220703
8659280,949178,6456984,2683.040039,8.460652351,179.9036102,-0.027587891
8659284,949290,6456944,2687.969971,4.260106564,334.9887695,-0.056396484
8659285,949159,6457083,2685.469971,4.759494781,349.093689,0.058837891
8659287,948926,6458252,2617.159912,17.04603577,316.388916,0.084960938
8659289,949240,6458031,2663.399902,5.29462719,223.0303955,0.094970703
8659290,949109,6457126,2678.050049,9.62034893,341.780365,0.105224609
8659291,949071,6457091,2678.800049,2.21885252,346.9444885,0.037597656
8659295,949053,6457257,2651.320068,12.414608,67.07633972,0.007568359
8659300,949129,6457226,2658.129883,8.796420097,20.42062187,0.021484375
8659305,949322,6457223,2641.780029,14.47433758,354.0529785,-0.034912109
8659308,949570,6457811,2558.929932,18.93276978,116.302887,-0.044921875
8659313,949570,6457811,2558.929932,18.93276978,116.302887,-0.044921875
8659326,948859,6457090,2684.320068,13.77682114,57.91297913,-0.011230469
8659328,948794,6456980,2707.72998,11.39337444,59.01541138,-0.023681641
8659330,948726,6457150,2702.840088,11.74814796,57.16949844,-0.013427734
8659331,948721,6457210,2695.459961,13.53542614,56.60847855,-0.011230469
8659332,948862,6457320,2657.800049,8.924542427,83.41831207,-0.227294922
8659346,948945,6457450,2661.080078,23.98766518,111.9378586,0.058837891
8659347,949275,6457930,2655.219971,8.885368347,113.3671875,0.037597656
8659348,948894,6458240,2612.820068,17.30196571,315.7811584,0.027587891
8659351,948945,6457120,2671.219971,4.759494781,349.093689,0.040039063
8659354,948895,6456920,2700.830078,11.34514523,57.51757813,0.049072266
8659357,949156,6457010,2685.050049,4.920826435,216.7399139,-0.018798828
8659360,949174,6456820,2711.02002,19.02832222,334.5877686,0.053710938
8659362,949227,6456800,2727.159912,21.38941193,346.7541504,0.138427734
8659367,949225,6457130,2674.669922,12.63016605,42.10529709,0.082519531
8659369,949046,6457130,2672.889893,13.1165638,331.480072,0.107421875
8659371,949058,6457350,2639.409912,4.075263023,13.5957737,-0.057617188
8659376,949239,6457180,2663.320068,14.7997427,43.46675873,-0.027587891
8659389,949388,6457340,2623.959961,8.482197762,346.9192505,-0.19140625
8659391,949659,6457800,2533.659912,18.97699738,122.3493576,0.006103516
8659393,949869,6458030,2505.209961,5.42868948,81.52017975,-0.190185547
8659395,949809,6458100,2517.939941,12.81583118,59.12376404,0.031005859
8659398,949560,6458060,2573.419922,12.90501595,109.1087494,0.006103516
8659400,948907,6457280,2658.899902,4.870596409,303.2700806,0.003662109
8659401,948876,6457260,2660.659912,10.67630672,68.77763367,-0.081298828
8659402,948723,6457400,2668.77002,11.10234261,56.95692825,-0.021240234
8659404,948682,6457520,2670.899902,7.685545921,206.989212,-0.036621094
8659406,948796,6457580,2686.320068,7.997494221,240.4715424,0.016357422
8659408,948878,6457530,2691.929932,14.86760616,186.5426788,0.122558594
8660602,1007148,6551641,2214.679932,29.27133942,306.5127869,-0.195068359
8660607,1007163,6551709,2200.540039,25.51338768,291.1873474,-0.034667969
8660609,1007166,6551731,2197.899902,23.8354187,279.4778137,-0.012451172
8660611,1007167,6551765,2195.909912,27.0093689,279.9985046,0.071044922
8660613,1007204,6551767,2215.209961,32.95333862,269.7130127,0.038818359
8660614,1007227,6551846,2220.370117,39.97476196,281.9267578,-0.114990234
8660616,1007106,6551806,2161.800049,33.52144623,300.7558899,0.522705078
8660617,1007152,6551708,2194.030029,23.85419846,290.936676,-0.061279297
8660619,1007196,6551722,2214.5,31.61029243,294.732605,-0.090087891
8660620,1007199,6551755,2212.139893,29.17367744,277.6933594,-0.243896484
8660623,1007235,6551724,2230.620117,20.96888351,267.1217041,-0.023681641
8660626,1007253,6551680,2254.909912,47.04372787,304.9328613,-0.483886719
8660629,1007168,6551798,2193.669922,27.30293655,282.98526,-0.087402344
8661038,983897,6474631,2603.52002,9.485208511,64.65940094,-0.008789063
8661039,983641,6474663,2590.909912,7.27596426,43.72937775,0.018798828
8661040,983604,6474717,2589.959961,8.664776802,51.79534149,0.018798828
8661041,983626,6474774,2582.52002,7.359768867,36.18163681,-0.032226563
8661042,983707,6474711,2582.790039,5.572870731,11.08641624,0.038818359
8661043,983846,6474851,2579.860107,15.7292223,41.39956284,0.106445313
8661044,983828,6474950,2550.610107,20.45802498,37.04669571,0
8661045,983776,6474948,2560.060059,19.24271774,47.95954895,-0.053710938
8661046,983771,6475559,2422.219971,18.95671082,51.08610916,-0.036376953
8661048,983832,6475873,2337.219971,15.41205215,32.40718079,0.008789063
8800621,984203,6474105,2682.550049,7.175779819,260.7463684,0.046386719
8845405,983899,6474274,2647.800049,10.94616127,342.548584,0.012451172
8887655,984114,6474267,2668.389893,14.7904129,338.8533325,0.137451172
8971667,984366,6473881,2722.330078,21.04709053,280.5948792,0.108642578
8972997,983758,6474598,2595.340088,3.01052475,24.12587547,0.057617188
8973007,984131,6474187,2675.22998,10.63121986,247.3630829,0.125
9013729,984275,6473984,2689.030029,17.1687336,251.7977142,-0.197509766
9013730,983894,6475512,2411.76001,12.79470539,41.33672333,0.022705078
9014743,984067,6474291,2656.199951,24.78909683,23.81902313,-0.135009766
9014744,984260,6474005,2686.790039,16.00164986,256.8478088,-0.067382813
9014906,984319,6473917,2700.649902,22.57804489,270.999176,-0.022705078
9014907,984455,6473625,2747.340088,24.85718346,240.4466858,0.055175781
9014923,984298,6474020,2706.689941,24.29537392,261.978363,0.157470703
9015195,983916,6475218,2483.909912,29.89526749,317.1140747,-0.228759766
9015196,983757,6475756,2381.840088,11.26310635,15.65739727,0.011230469
9015198,984213,6474140,2682.629883,1.539707303,12.35099888,-0.044921875
9025595,984159,6474177,2678.699951,6.383039951,261.9079285,0.041259766
9036301,983950,6474173,2671.620117,12.20946312,357.9454041,-0.000244141
9146327,984299,6473778,2721.639893,7.800895691,285.1283875,-0.03125
9153892,983895,6474317,2638.419922,14.25816441,339.3189697,-0.059814453
9177884,983878,6475309,2453.090088,12.87870216,18.75126839,-0.033447266
9340315,984112,6474210,2673.120117,14.61812115,253.058548,0.192871094
9373264,983756,6474618,2594.02002,4.717620373,350.9361572,0.022460938
9675988,984437,6473593,2737.449951,12.38046265,264.5095825,0.008544922
9729999,983791,6474449,2606.560059,21.67926598,21.74162102,-0.08984375
9792133,984233,6473902,2694.169922,12.55260944,34.38443756,-0.153808594
9842463,983953,6474242,2657.97998,14.00573063,4.948180199,-0.036132813
9851354,984091,6474268,2662.909912,19.94686317,349.2018127,-0.083984375
9866427,984313,6473697,2726.850098,19.25382423,62.92004013,0.048828125
9881474,984013,6474300,2657.919922,12.0740633,336.2230835,0.202392578
9888674,983848,6474772,2588.929932,10.03656769,331.4781494,0.012451172
9888675,983880,6475487,2417.72998,12.00704479,42.52045059,-0.03125
9888676,984238,6473836,2711.800049,19.59248924,21.46188354,-0.133544922
9888677,984434,6473652,2744.080078,25.04096985,242.3931122,-0.069824219
9888678,983860,6474660,2604.580078,5.295471191,342.7391663,0.078857422
9889811,984219,6474002,2680.949951,8.655808449,263.4918823,0.055908203
9889812,983904,6474439,2626.820068,11.81334114,329.3877869,0.117675781
9889813,983837,6474468,2600.280029,12.22007275,295.946167,-0.386230469
9906273,983991,6474245,2655.47998,9.654390335,32.63579941,-0.112548828
9906647,984220,6473954,2683.780029,15.24359417,51.40513229,-0.064941406
9906648,984161,6474379,2635.310059,13.20541286,342.0674438,-0.103515625
9948798,984169,6474163,2679.610107,6.650957584,259.7546997,0.018798828
9948953,984488,6473586,2750.72998,18.99505997,252.0642853,-0.015136719
9953065,983719,6474512,2600.699951,13.22657204,38.87149048,-0.030029297
9960374,983864,6474942,2546.22998,17.9891243,33.50606155,-0.049804688
9989424,983881,6475094,2515.370117,25.40267372,315.9383545,0.056396484
9989425,984100,6474226,2671.659912,13.43190479,257.6079407,0.126220703
9989430,983719,6474503,2601.689941,14.5060854,36.11621857,-0.015136719
9989431,983964,6474357,2644.040039,14.06092834,9.535772324,0.122558594
9998878,983942,6474437,2626.590088,14.17201138,33.53297424,0.025146484
10400805,1000689,6540557,2121.409912,27.7639122,307.4352112,-0.020263672
10400806,1000668,6540567,2110.300049,28.05742836,313.4418945,0.127685547
10400811,1000692,6540504,2128.820068,23.1008091,287.0747681,-0.187255859
10400816,1000691,6540568,2116.419922,30.09202003,305.37677,-0.062744141
10400821,1000637,6540525,2098.22998,28.55970764,290.5979919,-0.106201172
10400823,1000716,6540542,2137.199951,27.22696877,296.9890747,0.129882813
10400824,1000680,6540488,2128.01001,25.46096992,302.7405701,-0.049804688
10400936,1000846,6540578,2180.560059,18.55871773,303.6421204,-0.213867188
10400939,1000913,6540533,2209.679932,15.51042747,304.5781555,-0.049804688
10400941,1000862,6540571,2187.540039,23.89852333,312.3929749,-0.179931641
10400943,1000872,6540627,2195.320068,29.90850639,250.2091675,-0.131347656
10400944,1000854,6540543,2193.899902,22.56497192,316.4116516,0.053710938
10400946,1000908,6540529,2209.26001,16.3732605,308.0868835,-0.203613281
10400948,1000842,6540604,2179.449951,19.48387909,250.1302185,0.122558594
10400950,1000915,6540574,2207.780029,12.99046898,251.8785553,0.128662109
10401268,1001019,6540412,2274.780029,19.56884766,318.0204468,0.148681641
10401270,1000889,6540304,2237.870117,27.24391365,266.604187,-0.234863281
10401601,1001027,6540474,2257.280029,17.36688995,341.4490662,0.031494141
10401604,1001002,6540519,2241.409912,26.67796326,344.7390137,0.408691406
10401606,1000867,6540266,2234.75,13.19031334,297.4399109,0.018798828
10401610,1000937,6540308,2259.050049,15.2440691,269.2633972,0.096435547
10401614,1000991,6540377,2270.699951,21.54263306,277.0942688,0.030029297
10401616,1001025,6540524,2242.409912,16.17566872,309.0525818,-0.422607422
10401618,1000921,6540348,2251.639893,12.45932198,297.4937439,-0.016357422
10401621,1000958,6540206,2265.600098,11.43464851,359.2219543,-0.051269531
10401624,1000894,6540195,2257.719971,32.13661957,332.5573425,0.064941406
10401628,1000979,6540175,2272.050049,11.49191284,304.2754517,0.138916016
10401632,1001007,6540173,2281.469971,34.27582932,303.5093384,0.017333984
10401635,1000943,6540183,2270.219971,11.71119404,17.91107368,0.068603516
10401637,1000867,6540186,2256.73999,25.4619751,339.7578735,0.034912109
10401639,1001133,6540431,2314.899902,20.03269005,18.13589668,0.226074219
10401640,1001110,6540447,2304.469971,39.98918915,321.5353394,0.144775391
10401642,1001096,6540449,2292.070068,43.53964233,316.3865662,-0.053710938
10401733,1005753,6552175,1507.829956,8.886023521,244.8300171,-0.043823242
10401735,1005777,6552162,1510.050049,11.56124783,253.6035156,-0.034912109
10401736,1005892,6552258,1546.890015,17.46069717,269.0888672,-0.012573242
10401737,1005778,6552142,1509.890015,15.0138483,252.6462097,0.008666992
10401738,1007922,6552062,2501.939941,16.80747414,308.0061646,0.103759766
10401739,1007931,6552101,2491.25,22.57798004,328.6240234,0.148681641
10401740,1005894,6552266,1548.540039,18.13234138,267.8562622,-0.010009766
10401741,1005858,6552244,1537.949951,16.78525925,272.898468,-0.006347656
10401742,1007829,6552201,2445.610107,19.01284218,272.4526978,0.016357422
10401743,1007645,6552197,2372.840088,26.94991875,338.8726196,0.181396484
10401744,1007600,6552172,2360.669922,33.23912811,276.4172668,0.207275391
10401745,1007741,6552194,2411.090088,23.61556244,256.7116089,0.118896484
10401746,1007814,6552206,2440.179932,19.58247757,278.0361328,0.026123047
10401892,1007869,6552158,2460.790039,18.52857971,276.5093384,0.047363281
10401893,1007648,6552228,2366.5,23.70871735,266.868103,-0.197753906
10401894,1007860,6552163,2456.929932,21.15912437,277.1990967,-0.007568359
10401896,1007894,6552165,2467.310059,13.38000965,249.1263123,-0.111328125
10401897,1007737,6552258,2412.560059,28.92663574,224.2670441,0.002441406
10401898,1007650,6552206,2369.189941,22.6544838,323.6735535,-0.3125
10401899,1007664,6552207,2375.290039,33.74774551,289.3161926,-0.580078125
10404303,1007835,6552121,2452.330078,21.75335121,282.7046814,-0.247314453
10406707,1007627,6552188,2368.340088,26.08169365,308.2799988,0.115234375
10406718,1007676,6552224,2379.389893,30.01581001,271.5879517,-0.228759766
10406723,1007777,6552181,2424.199951,23.43074799,277.1575317,-0.12890625
10406726,1007897,6552138,2468.22998,14.10312366,288.1462097,0.038574219
10406729,1007767,6552110,2431.570068,28.29208755,313.5692749,-0.301025391
10407646,1007837,6552126,2452.159912,19.52781868,283.5749207,0.141113281
10407647,1007879,6552140,2464.439941,15.59485912,279.5375061,0.022460938
10407649,1007794,6552135,2437.27002,19.08695984,291.1333008,0.011474609
10407650,1007803,6552160,2437.899902,20.11736488,280.4227905,-0.023681641
10407651,1007846,6552121,2456.300049,21.47743225,297.1028442,0.008544922
10407652,1007861,6552105,2465.610107,26.95636368,311.0545349,0.1015625
10407653,1007687,6552113,2405.429932,12.49574852,297.5481262,0.232421875
10407654,1007879,6552143,2464.22998,15.18364716,277.9945068,0.014892578
10407656,1007890,6552124,2468.659912,20.08504868,308.7265625,-0.193847656
10407658,1007712,6552172,2396.290039,13.91028023,274.9198303,-0.367675781
10407664,1007851,6552136,2455.27002,17.41124916,287.3945923,-0.201416016
10407665,1007780,6552124,2433.100098,26.29375267,300.6656494,-0.217285156
10407666,1008097,6551993,2554.969971,25.61997223,302.6538696,-0.246337891
10407671,1008052,6552013,2540.48999,16.0042038,341.5002747,-0.093505859
10407674,1008174,6551957,2589.800049,19.56002808,306.934845,-0.177734375
10407676,1008082,6552031,2548.330078,29.57212639,254.1996918,-0.007324219
10407681,1008080,6552044,2550.310059,27.19104195,262.2241516,0.138671875
10407684,1008104,6552003,2558.719971,30.75740433,266.1222229,-0.311035156
10407895,1007962,6552025,2525.070068,25.87807465,325.7544861,0.185058594
10407900,1008123,6551965,2574.25,21.46249962,314.6402283,0.098876953
10407906,1005878,6552247,1544,16.29782295,273.7745361,0.008666992
10407910,1008247,6551928,2615.370117,22.06983757,309.2450867,-0.064941406
10407912,1007915,6552071,2498.22998,20.96066856,319.6061401,0.095214844
10407916,1007925,6552089,2493.649902,23.31055641,327.0296021,0.088867188
10407919,1007711,6551990,2454.23999,24.64597702,310.6679993,0.026123047
10407931,1001042,6540326,2288.879883,31.50504684,271.3317871,-0.030273438
10407935,1001049,6540291,2293.040039,23.08206558,265.7602844,0.007568359
10407939,1001051,6540266,2293.360107,27.55557251,276.4359741,0.017578125
10408065,1000878,6540231,2240.51001,13.01342583,309.822998,-0.268798828
10408068,1000838,6540214,2240.860107,18.28504944,343.1529541,-0.227294922
10408070,1000811,6540220,2239.399902,13.97693729,7.969555378,0.010986328
10408072,1000775,6540193,2243.219971,16.6047039,309.8318481,0.159912109
10408074,1000756,6540203,2236.439941,18.27127647,317.4543457,-0.026367188
10408076,1000742,6540243,2224.76001,13.29972363,291.4613037,-0.067626953
10408078,1000683,6540247,2202.27002,27.70270538,304.8777161,-0.092773438
10408079,1000690,6540257,2201.580078,28.30031013,300.4344482,-0.159912109
10408080,1000702,6540276,2201.97998,29.06594086,290.8964844,-0.116210938
10408083,1000669,6540262,2192.209961,26.48165512,301.8320007,0.033691406
10408085,1000815,6540447,2188.199951,19.34838295,268.3684998,-0.091308594
10408097,1000787,6540462,2179.76001,15.31582355,262.4481506,-0.197509766
10408098,1000808,6540515,2184.439941,32.05905914,287.9716187,0.061279297
10408099,1000810,6540546,2177.189941,32.4603157,298.2671814,0.073730469
10966110,1008173,6551916,2606.919922,30.87934685,343.8824768,-0.027832031
10966733,1000655,6540537,2108.439941,31.23077393,279.0852356,-0.002685547
10966735,1000688,6540535,2126.389893,24.89028931,289.3526001,0.09375
10966736,1000724,6540561,2136.320068,25.62956238,303.3516235,0.087646484
10966738,1000870,6540561,2193.909912,23.44802284,309.9490662,-0.002685547
10966739,1000918,6540470,2230.560059,32.50304794,299.9145203,0.078857422
10966741,1000877,6540537,2201.350098,16.68894958,314.932373,0.026367188
10966743,1000908,6540479,2222.22998,30.11086082,296.3323364,0.042480469
10966744,1000921,6540474,2228.860107,31.73728371,301.0743103,-0.061035156
10966751,1000879,6540544,2200.409912,17.72076607,309.0942688,0.017333984
10966752,1000951,6540255,2261.419922,11.12781143,248.2956543,0.083984375
10966754,1000984,6540516,2240.139893,30.71771431,327.6143188,0.129882813
10966757,1000914,6540262,2250.340088,19.78239059,268.1669312,0.117675781
10966759,1000951,6540385,2257.949951,12.65446758,272.8701782,0.022460938
10966765,1000990,6540398,2267.840088,19.89287949,301.2080688,0.002685547
10966770,1000924,6540389,2252.169922,16.48734856,274.0193787,0.169921875
10966776,1001018,6540206,2282.949951,43.36042404,281.9169312,0.141113281
10966780,1000977,6540190,2269.219971,10.95787621,319.3977356,0.014892578
10966784,1001044,6540213,2299.850098,34.18401337,293.3085327,0.083984375
10966786,1001090,6540460,2282.25,40.057724,316.8313293,-0.291259766
10971256,969204,6431887,2437.040039,6.675346851,248.3128967,-0.033691406
10971257,968768,6431594,2326.639893,38.98044968,50.31427002,0.056152344
10971258,968865,6431517,2305.580078,36.2458992,58.41302872,-0.421142578
10971259,968889,6431904,2323.949951,16.67499352,206.2006073,0.016113281
10971260,968832,6431609,2295,18.1495266,57.83743668,-0.028564453
10971261,969264,6431735,2457.590088,28.48462677,233.4689789,-0.248535156
10971262,968873,6431845,2303.939941,15.80129623,209.4194794,-0.251464844
10971263,969257,6432014,2448.419922,9.773397446,270.4161987,-0.012695313
10971264,969031,6431476,2264.550049,17.57106018,54.64102936,-0.048583984
10971265,968945,6432000,2363.300049,41.31089783,246.4248047,-0.695068359
10971266,968640,6432061,2388.75,19.83781242,191.1072845,-0.278808594
10971267,968918,6432087,2373.100098,15.13764095,189.2544861,-0.331054688
10971268,968862,6432134,2379.590088,17.47379112,213.3379059,-0.12109375
10971269,968937,6432021,2363.72998,22.15577698,248.647522,-0.061279297
10971270,968735,6431858,2320.280029,26.99316978,110.2137375,0.081298828
10971271,968545,6432238,2493.679932,17.39431381,135.6456909,0.037353516
10971272,968826,6431919,2318.110107,16.12265205,196.4268188,-0.08984375
10971273,969239,6431935,2445.939941,15.27313805,262.9526672,-0.010009766
10971274,969228,6431843,2443.129883,21.972929,268.118866,-0.113769531
10971275,968796,6431916,2317.620117,12.36227512,167.8188782,-0.001220703
10971276,968782,6432071,2372.320068,22.44063568,124.0947113,0.102539063
10971277,968552,6432210,2485.120117,21.50523758,133.4044647,0.010253906
10971278,968535,6432336,2514.830078,15.24274731,119.5744019,0.132324219
10971279,969305,6431884,2483.070068,32.78052139,289.6443176,-0.021240234
10971280,968947,6431895,2332.179932,21.25239182,212.5056763,-0.051513672
10971281,968632,6432036,2386.100098,16.66866493,95.558815,0.028808594
10971282,969225,6432032,2444.050049,7.57016325,267.3044739,0.017578125
10971283,968943,6431494,2281.449951,23.06316757,55.52696228,-0.047607422
10971284,968850,6431576,2298.219971,17.2611084,41.28247833,0.048828125
10971285,969239,6431899,2445.389893,26.54899025,271.4328613,-0.315185547
10971286,968859,6431532,2303.01001,25.78393173,52.69632339,-0.155029297
10971287,968696,6431864,2335.060059,21.6877327,125.0678711,-0.084716797
10971288,969229,6432176,2458.26001,9.903964043,218.8415375,0.018798828
10971289,968655,6431982,2371.310059,12.99973965,128.6697388,-0.260009766
10971290,968592,6432186,2459.610107,26.94822311,142.0707245,0.082763672
10971291,968514,6432328,2517.02002,14.24207592,151.5941772,0.000244141
10971292,968643,6431959,2369.360107,20.27711487,140.6029663,-0.014892578
10971293,968882,6432030,2358.179932,13.32616901,215.1172028,0.056152344
10971294,968728,6431938,2327.719971,24.37499237,120.9110794,-0.318847656
10971295,968544,6432153,2470.800049,31.76900673,131.3343048,0.196044922
10971296,968935,6431560,2274.51001,16.53583908,62.24859238,-0.076171875
10971297,968919,6431505,2289.080078,21.51855469,76.87866974,0.176269531
10971298,968644,6431940,2363.199951,18.42128944,139.6273804,-0.27734375
10971299,968867,6432026,2354.22998,18.73768997,231.6427155,0.112548828
10971300,968559,6432230,2487.469971,22.98976517,121.9471054,0.188720703
10971301,968653,6431903,2355.469971,18.1768589,113.3253021,-0.042480469
10971302,969241,6431693,2433.580078,34.42027664,229.5575104,-0.028808594
10971303,968785,6431645,2305.290039,21.04590034,70.29176331,-0.048828125
10971304,968961,6431449,2284.139893,13.41414642,207.1290131,0.216064453
10971305,969217,6431727,2432.429932,22.40009117,232.440979,0.002197266
10971306,968545,6432264,2499.120117,16.58719063,132.9590302,0.148925781
10971307,968643,6432054,2387.629883,20.75372696,218.0870514,-0.550048828
10971308,968917,6431956,2344.620117,16.89449501,207.6634674,0.047851563
10971309,968518,6432287,2505.939941,14.38779545,156.0836029,-0.018798828
10971310,969309,6432074,2459.02002,14.64308071,285.3124084,0.053710938
10971311,968917,6431851,2311.199951,19.59731865,210.9779053,-0.007568359
10971312,969182,6431906,2436.469971,5.844825745,214.854599,0.038574219
10971313,968604,6432192,2456.26001,29.02164078,136.0225067,0.036132813
10971314,968589,6432057,2409.73999,36.01189804,103.0799408,-0.065185547
10971315,968748,6432064,2382.439941,16.10447884,114.7230301,0.302490234
10971316,968524,6432358,2520.120117,18.70576477,119.3088074,0.071533203
10971317,968938,6431457,2281.969971,8.679204941,164.7107239,-0.043701172
10971318,968544,6432284,2503.179932,16.42532921,132.5247345,0.161132813
10971319,968536,6432269,2501.590088,12.3811264,155.6554565,0.081298828
10971320,968671,6431899,2350.629883,17.53431129,131.4712219,-0.033935547
10971321,968948,6431492,2280.939941,24.44586945,46.96083832,-0.295166016
10971322,969110,6432152,2443.580078,3.481594801,118.4650421,-0.3125
10971323,968877,6431834,2302,11.78026962,198.5229797,0.026123047
10971324,968823,6431800,2297.620117,10.24672127,179.129425,0.077880859
10971325,968793,6431860,2309.100098,9.775391579,185.4928741,0.043945313
10971326,968587,6432140,2435.649902,31.97987175,129.5414581,-0.550048828
10971327,968527,6432309,2511.209961,14.88451195,150.9022064,-0.00390625
10971328,968806,6432023,2346.860107,22.37613869,145.7400208,-0.288574219
10971329,968551,6432274,2499.860107,19.84522438,124.2724304,0.152587891
10971330,969296,6431943,2470.01001,20.08899117,308.6163635,0.098632813
10971331,968632,6432090,2399.600098,24.99596596,145.3974457,-0.137451172
10971332,968764,6431896,2315.350098,10.18349743,147.5049133,-0.086181641
10971333,968832,6431686,2288.409912,12.83945751,82.5621109,-0.044921875
10971334,968810,6431895,2313.370117,8.002538681,160.7894287,-0.02734375
10971335,968651,6432013,2381.790039,17.02874947,180.7947083,0.030029297
10971336,968670,6432000,2373.76001,23.64805603,136.6649933,0.073486328
10971337,968555,6432149,2463.060059,38.32780457,124.8511581,0.140136719
10971338,969189,6431996,2439.090088,6.37667942,263.3259888,-0.018554688
10971339,968660,6432001,2375.879883,20.2554245,159.208374,0.059814453
10971340,968914,6431604,2275.090088,12.63070297,72.73767853,-0.013671875
10971341,968887,6431546,2294.580078,16.10301781,62.90404129,0.096191406
10971342,968721,6431958,2339.129883,39.72860336,112.7778931,-0.365234375
10971343,968694,6431994,2361.840088,19.12791252,115.0312653,-0.041259766
10971344,968862,6431583,2293.949951,17.62338638,40.72093964,0.092529297
10971345,968615,6432004,2390.129883,26.0473175,110.0112915,0.123779297
10971347,969245,6432121,2452.5,10.23473072,232.7617188,-0.020019531
10971348,969254,6431845,2456.469971,32.25033569,280.5716553,-0.110107422
12117792,1014744,6552636,2651.165771,0.797768056,87.990448,0.008544922
12117800,1014709,6552615,2654.966797,36.39145279,58.17366791,0.020507813
12117804,1014720,6552637,2653.027832,9.349822044,169.9231262,0.003662109
12117808,1014701,6552641,2657.562988,18.83481407,162.1615906,-0.050292969
12117811,1014766,6552637,2649.823975,3.889303207,119.2344666,0.001708984
12117848,1014788,6552640,2649.130127,4.865590096,124.6016235,0.004150391
12117852,1014800,6552657,2648.329834,4.266729355,136.5911407,0.007568359
12117899,1014838,6552576,2654.626953,8.055722237,261.2688599,0.019287109
12117901,1014847,6552608,2650.637939,4.807221413,334.922821,0.004150391
12117905,1014881,6552624,2649.406982,2.458509922,17.19853973,-0.000244141
12117906,1014900,6552630,2648.966797,4.364510059,302.7242126,-0.022949219
12117908,1014894,6552599,2653.105713,12.64341354,351.6141357,0.000732422
12117909,1014905,6552671,2646.890381,4.028171539,86.82016754,0.000244141
12117923,1014726,6552619,2651.698242,3.032642365,52.86606979,-0.001708984
12117924,1014729,6552594,2654.938965,16.39016914,86.90722656,-0.006591797
12117926,1014753,6552610,2651.254883,16.89362526,264.8806152,-0.017578125
12117927,1014774,6552605,2650.404785,12.86926365,173.6192322,0.041992188
12117928,1014755,6552589,2651.233643,8.036383629,67.42585754,0.001953125
12117930,1014798,6552582,2651.02002,14.63096523,243.2672119,-0.004150391
12117932,1014824,6552550,2657.131348,12.11620235,342.8014526,-0.021728516
12117934,1014800,6552630,2648.897705,1.756239653,339.9779053,-0.005371094
12117937,1014805,6552613,2649.177979,4.828965664,227.2250977,-0.008056641
12117938,1014835,6552598,2650.855957,10.17928123,314.2287598,0.020263672
12117939,1014848,6552635,2649.039551,2.895224094,10.00798035,-0.000244141
12118011,1014871,6552640,2649.390381,5.969094753,4.4192276,0.002441406
12118012,1014879,6552664,2648.294678,6.149446487,355.5813904,-0.004638672
12118013,1014888,6552645,2649.139404,4.338943005,4.05934906,-0.003173828
12118014,1014874,6552668,2647.691406,7.677710056,354.908905,-0.002685547
12118015,1014865,6552692,2647.081543,7.770572662,120.4187698,0.014892578
12118025,1014932,6552591,2657.610352,18.24604988,343.3901672,-0.001953125
12118027,1014984,6552642,2638.885742,24.32758331,81.61610413,0.000732422
12118028,1014937,6552694,2646.715332,12.67889118,108.4742737,-0.001708984
12118051,1015006,6552686,2628.329346,8.237504959,65.59602356,-0.000976563
12123258,1015021,6552654,2626.168213,20.71173859,153.2529602,0.005615234
12123260,1015042,6552664,2624.574219,9.670620918,78.5129776,0.003662109
12123261,1015031,6552734,2627.338135,5.6512537,110.3575058,0.002441406
12123269,1014924,6552605,2652.999023,11.34266281,332.5305176,-0.006835938
12123271,1014952,6552619,2652.361084,11.66686344,10.35331726,-0.003417969
12123272,1014918,6552672,2646.388916,0.765226901,30.78414536,-0.000244141
12123275,1014916,6552711,2646.279297,9.62187767,3.632949829,0.012695313
12123299,1014987,6552710,2632.666748,3.199698687,70.61548615,-0.001953125
12123300,1015024,6552704,2626.379639,13.71952438,116.3600616,0.002685547
12123302,1015051,6552685,2623.324951,7.156163216,85.98582458,-0.003662109
12123303,1015059,6552714,2624.288574,4.036005497,105.8637009,0.001464844
12123312,1015238,6552442,2495.14209,30.83674049,120.6342468,-0.000976563
12123315,1015218,6552430,2497.083496,12.01472759,148.8446198,-0.009521484
12123321,1015242,6552402,2493.939697,26.16208076,150.9509277,0.00390625
12123335,1015395,6552417,2407.048584,42.98918152,108.4918976,0.013671875
12123345,1015414,6552269,2352.485107,33.63304901,121.6309204,-0.004150391
12123347,1015404,6552496,2451.573975,33.90673065,127.7107086,-0.007080078
12123348,1015378,6552379,2406.232666,37.80413437,104.6747284,-0.007324219
12123350,1015347,6552323,2399.545654,31.4175663,138.1268311,-0.037109375
12126989,984060,6474171,2664.110107,11.30605412,19.88208771,-0.010986328
12126990,984046,6474196,2659.909912,6.585572243,21.72996902,-0.259033203
12126991,984017,6474204,2661.330078,14.25100136,30.98501205,-0.022460938
12126993,983855,6474366,2623.51001,12.73676777,0.886539876,-0.022460938
12126994,984222,6473811,2723.429932,14.70981979,22.09799194,0.048583984
12126995,984143,6474075,2672.409912,7.239177704,5.199408054,-0.046142578
12126997,984198,6473924,2694.48999,17.10270691,31.71575928,-0.123779297
12126998,984234,6473791,2726,14.19123936,33.54738617,0.042480469
12126999,984171,6473977,2689.629883,14.76769352,21.35601616,0.061279297
12127007,1005851,6552243,1535.030029,15.70202065,271.7337036,-0.011230469
12127008,1000882,6540529,2203.370117,15.8321228,314.2151794,-0.017578125
12127009,1000687,6540527,2125.159912,24.89829254,279.8942566,0.011230469
